{"canvasWidth":1440,"canvasHeight":582,"curves":[{"pts":[[-0.211,0.453],[-0.209,0.449],[-0.207,0.445],[-0.204,0.44],[-0.201,0.435],[-0.197,0.429],[-0.194,0.423],[-0.19,0.417],[-0.186,0.41],[-0.181,0.403],[-0.177,0.395],[-0.172,0.387],[-0.167,0.379],[-0.162,0.371],[-0.157,0.363],[-0.153,0.355],[-0.148,0.347],[-0.143,0.339],[-0.138,0.331],[-0.133,0.322],[-0.128,0.314],[-0.123,0.306],[-0.117,0.297],[-0.112,0.289],[-0.107,0.281],[-0.101,0.273],[-0.095,0.264],[-0.089,0.256],[-0.083,0.248],[-0.077,0.24],[-0.071,0.232],[-0.064,0.224],[-0.058,0.216],[-0.051,0.209],[-0.044,0.202],[-0.037,0.195],[-0.03,0.188],[-0.023,0.181],[-0.016,0.175],[-0.009,0.169],[-0.003,0.164],[0.003,0.159],[0.01,0.154],[0.017,0.15],[0.024,0.145],[0.031,0.142],[0.038,0.138],[0.045,0.135],[0.051,0.133],[0.058,0.131],[0.065,0.129],[0.071,0.128],[0.078,0.127],[0.085,0.126],[0.092,0.126],[0.099,0.127],[0.106,0.127],[0.113,0.129],[0.12,0.131],[0.127,0.133],[0.134,0.136],[0.142,0.139],[0.149,0.143],[0.157,0.148],[0.165,0.153],[0.172,0.158],[0.18,0.164],[0.188,0.171],[0.196,0.178],[0.204,0.185],[0.212,0.193],[0.22,0.202],[0.228,0.21],[0.236,0.219],[0.243,0.229],[0.251,0.238],[0.259,0.248],[0.267,0.258],[0.274,0.268],[0.281,0.279],[0.289,0.289],[0.296,0.3],[0.303,0.31],[0.309,0.321],[0.316,0.332],[0.322,0.342],[0.329,0.353],[0.335,0.363],[0.34,0.373],[0.346,0.383],[0.352,0.393],[0.357,0.403],[0.362,0.412],[0.367,0.421],[0.371,0.429],[0.376,0.436],[0.379,0.443],[0.382,0.448],[0.385,0.453],[0.387,0.457],[0.388,0.46]],"minX":-0.211,"maxX":0.388,"minY":0.46,"maxY":0.126,"endPt":[[415,27],[1277.958866031341,24.822561220338017]],"interX":[],"interY":[[0,0.162]],"maxima":[],"minima":[[0.092,0.126]],"colorIdx":0}]}