{"name":"x^2 anywhere","specification":"through:top\r\npoints: minima in top\r\nsymmetry:symmetric","canonical":{"canvasWidth":1440,"canvasHeight":582,"curves":[{"pts":[[-0.12,0.451],[-0.12,0.443],[-0.12,0.434],[-0.12,0.425],[-0.119,0.415],[-0.119,0.405],[-0.118,0.395],[-0.118,0.386],[-0.117,0.376],[-0.116,0.367],[-0.115,0.357],[-0.114,0.348],[-0.113,0.339],[-0.112,0.33],[-0.111,0.321],[-0.109,0.312],[-0.108,0.303],[-0.106,0.294],[-0.105,0.285],[-0.103,0.276],[-0.101,0.267],[-0.1,0.259],[-0.098,0.25],[-0.096,0.242],[-0.094,0.234],[-0.092,0.226],[-0.089,0.218],[-0.087,0.21],[-0.085,0.203],[-0.082,0.196],[-0.08,0.189],[-0.077,0.183],[-0.075,0.177],[-0.072,0.171],[-0.069,0.166],[-0.066,0.16],[-0.063,0.155],[-0.06,0.151],[-0.057,0.146],[-0.053,0.142],[-0.05,0.138],[-0.047,0.135],[-0.043,0.132],[-0.04,0.129],[-0.036,0.126],[-0.033,0.124],[-0.029,0.122],[-0.026,0.12],[-0.022,0.119],[-0.018,0.117],[-0.015,0.117],[-0.011,0.116],[-0.008,0.116],[-0.004,0.116],[0,0.117],[0.002,0.118],[0.006,0.119],[0.01,0.121],[0.014,0.123],[0.017,0.125],[0.021,0.128],[0.025,0.132],[0.029,0.136],[0.032,0.14],[0.036,0.145],[0.04,0.15],[0.044,0.156],[0.048,0.162],[0.051,0.169],[0.055,0.176],[0.059,0.183],[0.063,0.192],[0.066,0.2],[0.07,0.209],[0.073,0.219],[0.077,0.229],[0.08,0.239],[0.083,0.25],[0.086,0.261],[0.089,0.272],[0.092,0.283],[0.095,0.294],[0.097,0.306],[0.1,0.317],[0.102,0.328],[0.104,0.339],[0.106,0.349],[0.108,0.36],[0.11,0.37],[0.111,0.379],[0.113,0.388],[0.114,0.397],[0.115,0.406],[0.116,0.415],[0.117,0.423],[0.118,0.431],[0.119,0.439],[0.12,0.446],[0.12,0.454],[0.121,0.461],[0.121,0.467]],"minX":-0.12,"maxX":0.121,"minY":0.467,"maxY":0.116,"endPt":[[546,28],[894.5485784776248,22.663716642046978]],"interX":[],"interY":[[0,0.117]],"maxima":[],"minima":[[-0.008,0.116]],"colorIdx":0}]}}