{"canvasWidth":1440,"canvasHeight":598,"curves":[{"pts":[[-0.105,-0.309],[-0.104,-0.303],[-0.103,-0.296],[-0.102,-0.289],[-0.101,-0.282],[-0.1,-0.275],[-0.098,-0.267],[-0.097,-0.259],[-0.095,-0.251],[-0.093,-0.242],[-0.091,-0.233],[-0.089,-0.225],[-0.087,-0.216],[-0.085,-0.207],[-0.083,-0.198],[-0.081,-0.188],[-0.079,-0.179],[-0.077,-0.17],[-0.075,-0.16],[-0.072,-0.151],[-0.07,-0.141],[-0.068,-0.132],[-0.065,-0.122],[-0.063,-0.113],[-0.06,-0.103],[-0.058,-0.094],[-0.055,-0.084],[-0.053,-0.074],[-0.05,-0.065],[-0.048,-0.055],[-0.045,-0.046],[-0.043,-0.036],[-0.04,-0.026],[-0.038,-0.017],[-0.035,-0.007],[-0.032,0.001],[-0.03,0.011],[-0.027,0.021],[-0.025,0.03],[-0.022,0.04],[-0.019,0.049],[-0.017,0.059],[-0.014,0.068],[-0.012,0.077],[-0.009,0.087],[-0.007,0.096],[-0.004,0.105],[-0.001,0.115],[0.0,0.124],[0.003,0.133],[0.005,0.142],[0.008,0.151],[0.01,0.16],[0.013,0.169],[0.015,0.178],[0.018,0.187],[0.02,0.195],[0.023,0.204],[0.025,0.212],[0.027,0.22],[0.03,0.229],[0.032,0.237],[0.034,0.245],[0.036,0.252],[0.039,0.26],[0.041,0.267],[0.043,0.275],[0.045,0.282],[0.047,0.289],[0.049,0.295],[0.051,0.302],[0.053,0.308],[0.055,0.314],[0.056,0.32],[0.058,0.326],[0.06,0.331],[0.061,0.336],[0.063,0.341],[0.064,0.346],[0.066,0.351],[0.067,0.355],[0.069,0.359],[0.07,0.363],[0.071,0.366],[0.072,0.37],[0.073,0.373],[0.074,0.376],[0.075,0.378],[0.076,0.381],[0.076,0.383],[0.077,0.385],[0.078,0.387],[0.078,0.388],[0.079,0.39],[0.079,0.391],[0.08,0.392],[0.08,0.392],[0.08,0.393],[0.08,0.394],[0.081,0.394],[0.081,0.394]],"minX":-0.105,"maxX":0.081,"minY":0.394,"maxY":-0.309,"endPt":[[568.0,484.0],[836.7937257848034,63.12708898401763]],"interX":[[-0.033,0.0]],"interY":[[0.0,0.122]],"maxima":[],"minima":[],"colorIdx":0}],"freeSymbols":null}