{"canvasWidth":1440,"canvasHeight":582,"curves":[{"pts":[[-0.235,-0.151],[-0.233,-0.149],[-0.232,-0.146],[-0.23,-0.144],[-0.228,-0.142],[-0.226,-0.139],[-0.224,-0.136],[-0.221,-0.133],[-0.218,-0.13],[-0.215,-0.127],[-0.212,-0.124],[-0.209,-0.12],[-0.205,-0.117],[-0.202,-0.114],[-0.198,-0.11],[-0.195,-0.107],[-0.191,-0.103],[-0.187,-0.099],[-0.183,-0.096],[-0.179,-0.092],[-0.174,-0.088],[-0.17,-0.085],[-0.166,-0.081],[-0.161,-0.077],[-0.157,-0.073],[-0.152,-0.069],[-0.148,-0.065],[-0.143,-0.061],[-0.138,-0.057],[-0.134,-0.053],[-0.129,-0.049],[-0.124,-0.044],[-0.119,-0.04],[-0.114,-0.036],[-0.109,-0.032],[-0.104,-0.028],[-0.099,-0.023],[-0.094,-0.019],[-0.088,-0.014],[-0.083,-0.01],[-0.078,-0.006],[-0.073,-0.001],[-0.067,0.002],[-0.062,0.007],[-0.057,0.012],[-0.051,0.017],[-0.046,0.021],[-0.04,0.026],[-0.035,0.031],[-0.029,0.036],[-0.023,0.042],[-0.018,0.047],[-0.012,0.052],[-0.006,0.058],[0.0,0.063],[0.005,0.069],[0.011,0.074],[0.017,0.08],[0.023,0.086],[0.029,0.091],[0.035,0.097],[0.041,0.102],[0.047,0.108],[0.053,0.114],[0.059,0.119],[0.065,0.124],[0.071,0.13],[0.076,0.135],[0.082,0.141],[0.088,0.146],[0.094,0.151],[0.099,0.156],[0.105,0.161],[0.111,0.167],[0.116,0.172],[0.122,0.177],[0.127,0.182],[0.133,0.187],[0.138,0.192],[0.144,0.198],[0.149,0.203],[0.155,0.208],[0.16,0.213],[0.165,0.218],[0.17,0.223],[0.175,0.228],[0.18,0.232],[0.185,0.237],[0.189,0.241],[0.193,0.245],[0.197,0.249],[0.201,0.253],[0.205,0.256],[0.208,0.259],[0.211,0.261],[0.213,0.263],[0.215,0.265],[0.217,0.266],[0.218,0.267],[0.219,0.267],[0.22,0.268]],"minX":-0.235,"maxX":0.22,"minY":0.268,"maxY":-0.151,"endPt":[[381.0,379.0],[1036.2448445791144,135.09417865404336]],"interX":[[-0.071,0.0]],"interY":[[0.0,0.064]],"maxima":[],"minima":[],"colorIdx":0}],"freeSymbols":null}