{"canvasWidth":1440,"canvasHeight":820,"curves":[{"pts":[[-0.09,-0.319],[-0.089,-0.315],[-0.087,-0.31],[-0.085,-0.303],[-0.083,-0.295],[-0.08,-0.286],[-0.077,-0.277],[-0.074,-0.267],[-0.071,-0.257],[-0.068,-0.247],[-0.065,-0.237],[-0.062,-0.227],[-0.059,-0.217],[-0.057,-0.207],[-0.054,-0.198],[-0.051,-0.188],[-0.048,-0.179],[-0.046,-0.17],[-0.044,-0.162],[-0.041,-0.153],[-0.039,-0.145],[-0.037,-0.137],[-0.035,-0.13],[-0.033,-0.122],[-0.031,-0.115],[-0.029,-0.108],[-0.027,-0.101],[-0.026,-0.095],[-0.024,-0.088],[-0.022,-0.082],[-0.021,-0.075],[-0.019,-0.069],[-0.018,-0.063],[-0.016,-0.058],[-0.015,-0.052],[-0.013,-0.046],[-0.012,-0.04],[-0.011,-0.035],[-0.009,-0.03],[-0.008,-0.024],[-0.006,-0.019],[-0.005,-0.014],[-0.003,-0.008],[-0.002,-0.003],[-0.001,0.001],[0.0,0.006],[0.001,0.011],[0.003,0.016],[0.004,0.021],[0.006,0.026],[0.007,0.031],[0.008,0.036],[0.01,0.041],[0.011,0.046],[0.013,0.051],[0.015,0.056],[0.016,0.061],[0.018,0.066],[0.019,0.07],[0.021,0.075],[0.023,0.08],[0.024,0.085],[0.026,0.091],[0.028,0.096],[0.029,0.101],[0.031,0.106],[0.033,0.111],[0.035,0.117],[0.037,0.122],[0.039,0.127],[0.041,0.133],[0.043,0.139],[0.045,0.145],[0.047,0.15],[0.049,0.156],[0.051,0.163],[0.054,0.169],[0.056,0.175],[0.059,0.182],[0.061,0.188],[0.063,0.195],[0.066,0.201],[0.068,0.208],[0.071,0.215],[0.074,0.222],[0.076,0.228],[0.079,0.235],[0.081,0.241],[0.083,0.247],[0.086,0.253],[0.088,0.259],[0.09,0.264],[0.092,0.269],[0.093,0.273],[0.095,0.277],[0.096,0.28],[0.097,0.283],[0.098,0.285],[0.098,0.286],[0.099,0.287],[0.099,0.287]],"minX":-0.09,"maxX":0.099,"minY":0.287,"maxY":-0.319,"endPt":[[590.0,672.0],[862.8776778294958,174.18170085784084]],"interX":[[-0.001,0.0]],"interY":[[0.0,0.005]],"maxima":[],"minima":[],"colorIdx":0}],"freeSymbols":null}