{"canvasWidth":1440,"canvasHeight":582,"curves":[{"pts":[[-0.127,-0.414],[-0.124,-0.405],[-0.122,-0.396],[-0.12,-0.387],[-0.118,-0.378],[-0.116,-0.37],[-0.114,-0.361],[-0.112,-0.352],[-0.109,-0.343],[-0.107,-0.334],[-0.105,-0.326],[-0.103,-0.317],[-0.101,-0.308],[-0.099,-0.299],[-0.097,-0.29],[-0.094,-0.282],[-0.092,-0.273],[-0.09,-0.264],[-0.088,-0.255],[-0.086,-0.246],[-0.084,-0.238],[-0.082,-0.229],[-0.079,-0.22],[-0.077,-0.211],[-0.075,-0.202],[-0.073,-0.194],[-0.071,-0.185],[-0.069,-0.176],[-0.067,-0.167],[-0.064,-0.158],[-0.062,-0.15],[-0.06,-0.141],[-0.058,-0.132],[-0.056,-0.123],[-0.054,-0.114],[-0.051,-0.106],[-0.049,-0.097],[-0.047,-0.088],[-0.045,-0.079],[-0.043,-0.07],[-0.041,-0.062],[-0.039,-0.053],[-0.036,-0.044],[-0.034,-0.035],[-0.032,-0.027],[-0.03,-0.018],[-0.028,-0.009],[-0.026,0.0],[-0.024,0.008],[-0.021,0.016],[-0.019,0.025],[-0.017,0.034],[-0.015,0.043],[-0.013,0.052],[-0.011,0.06],[-0.009,0.069],[-0.006,0.078],[-0.004,0.087],[-0.002,0.096],[0.0,0.104],[0.001,0.113],[0.003,0.122],[0.005,0.131],[0.008,0.14],[0.01,0.148],[0.012,0.157],[0.014,0.166],[0.016,0.175],[0.018,0.184],[0.02,0.192],[0.023,0.201],[0.025,0.21],[0.027,0.219],[0.029,0.228],[0.031,0.236],[0.033,0.245],[0.036,0.254],[0.038,0.263],[0.04,0.272],[0.042,0.28],[0.044,0.289],[0.046,0.298],[0.048,0.307],[0.051,0.316],[0.053,0.324],[0.055,0.333],[0.057,0.342],[0.059,0.351],[0.061,0.36],[0.063,0.368],[0.066,0.377],[0.068,0.386],[0.07,0.395],[0.072,0.404],[0.074,0.412],[0.076,0.421],[0.078,0.43],[0.081,0.439],[0.083,0.448],[0.085,0.456]],"minX":-0.127,"maxX":0.085,"minY":0.456,"maxY":-0.414,"endPt":[[537.0,532.0],[839.8199999999999,30.24000000000001]],"interX":[[-0.026,0.0]],"interY":[[0.0,0.106]],"maxima":[],"minima":[],"colorIdx":0}],"freeSymbols":null}