{"canvasWidth":1440,"canvasHeight":582,"curves":[{"pts":[[-0.047,0.441],[-0.046,0.43],[-0.044,0.42],[-0.043,0.409],[-0.041,0.398],[-0.039,0.387],[-0.037,0.376],[-0.035,0.364],[-0.033,0.353],[-0.03,0.342],[-0.028,0.331],[-0.026,0.32],[-0.024,0.31],[-0.021,0.3],[-0.019,0.289],[-0.016,0.28],[-0.014,0.27],[-0.011,0.26],[-0.008,0.251],[-0.005,0.242],[-0.002,0.233],[0.0,0.225],[0.003,0.217],[0.006,0.209],[0.01,0.201],[0.013,0.194],[0.017,0.188],[0.021,0.182],[0.025,0.176],[0.028,0.17],[0.032,0.165],[0.037,0.161],[0.041,0.156],[0.045,0.152],[0.049,0.149],[0.054,0.145],[0.059,0.143],[0.063,0.14],[0.068,0.138],[0.073,0.137],[0.079,0.136],[0.084,0.135],[0.09,0.136],[0.096,0.136],[0.103,0.138],[0.109,0.14],[0.116,0.143],[0.124,0.146],[0.131,0.15],[0.139,0.154],[0.147,0.159],[0.155,0.165],[0.163,0.171],[0.172,0.177],[0.18,0.183],[0.189,0.19],[0.197,0.197],[0.205,0.204],[0.213,0.21],[0.221,0.217],[0.229,0.224],[0.236,0.23],[0.244,0.236],[0.251,0.242],[0.257,0.248],[0.264,0.254],[0.271,0.259],[0.277,0.265],[0.283,0.27],[0.289,0.275],[0.295,0.28],[0.301,0.285],[0.307,0.291],[0.313,0.296],[0.32,0.301],[0.326,0.307],[0.332,0.312],[0.338,0.318],[0.344,0.323],[0.35,0.329],[0.356,0.335],[0.362,0.341],[0.367,0.347],[0.373,0.353],[0.378,0.359],[0.384,0.364],[0.389,0.37],[0.393,0.376],[0.398,0.381],[0.402,0.387],[0.407,0.392],[0.411,0.398],[0.415,0.403],[0.42,0.409],[0.424,0.414],[0.428,0.42],[0.431,0.425],[0.435,0.429],[0.437,0.433],[0.439,0.435],[0.44,0.436]],"minX":-0.047,"maxX":0.44,"minY":0.441,"maxY":0.135,"endPt":[[652.0,34.0],[1353.029272379561,37.53659121428831]],"interX":[],"interY":[[0.0,0.225]],"maxima":[],"minima":[[0.084,0.135]],"colorIdx":0}],"freeSymbols":null}