{"canvasWidth":1440,"canvasHeight":820,"curves":[{"pts":[[-0.093,-0.434],[-0.089,-0.42],[-0.082,-0.4],[-0.074,-0.375],[-0.064,-0.349],[-0.055,-0.322],[-0.045,-0.295],[-0.037,-0.27],[-0.029,-0.246],[-0.022,-0.223],[-0.016,-0.202],[-0.011,-0.183],[-0.006,-0.165],[-0.001,-0.149],[0.002,-0.133],[0.006,-0.119],[0.009,-0.106],[0.013,-0.093],[0.016,-0.08],[0.019,-0.068],[0.023,-0.057],[0.026,-0.046],[0.029,-0.035],[0.033,-0.024],[0.036,-0.013],[0.04,-0.003],[0.044,0.006],[0.048,0.016],[0.052,0.025],[0.056,0.034],[0.061,0.042],[0.065,0.049],[0.07,0.056],[0.074,0.062],[0.079,0.067],[0.084,0.072],[0.089,0.075],[0.094,0.078],[0.099,0.08],[0.104,0.08],[0.109,0.081],[0.115,0.08],[0.12,0.078],[0.125,0.075],[0.13,0.072],[0.135,0.068],[0.141,0.063],[0.146,0.057],[0.151,0.051],[0.156,0.044],[0.161,0.037],[0.166,0.029],[0.172,0.021],[0.177,0.012],[0.182,0.004],[0.187,-0.003],[0.192,-0.012],[0.197,-0.02],[0.203,-0.027],[0.208,-0.035],[0.213,-0.041],[0.218,-0.047],[0.223,-0.052],[0.228,-0.056],[0.234,-0.059],[0.239,-0.061],[0.244,-0.062],[0.25,-0.061],[0.255,-0.06],[0.261,-0.057],[0.266,-0.052],[0.272,-0.046],[0.277,-0.039],[0.283,-0.03],[0.288,-0.02],[0.294,-0.009],[0.299,0.003],[0.305,0.018],[0.31,0.033],[0.315,0.05],[0.321,0.067],[0.325,0.086],[0.33,0.105],[0.335,0.126],[0.339,0.146],[0.344,0.168],[0.348,0.189],[0.352,0.211],[0.356,0.233],[0.36,0.254],[0.364,0.275],[0.368,0.295],[0.371,0.315],[0.375,0.333],[0.378,0.35],[0.382,0.365],[0.385,0.379],[0.388,0.39],[0.391,0.399],[0.393,0.405],[0.394,0.407]],"minX":-0.093,"maxX":0.394,"minY":0.407,"maxY":-0.434,"endPt":[[585.0,766.0],[1286.4166873397476,77.85583131520437]],"interX":[[0.041,0.0],[0.185,0.0],[0.298,0.0]],"interY":[[0.0,-0.143]],"maxima":[[0.109,0.081]],"minima":[[0.244,-0.062]],"colorIdx":0}],"freeSymbols":null}