{"canvasWidth":1440,"canvasHeight":582,"curves":[{"pts":[[-0.282,-0.084],[-0.278,-0.084],[-0.273,-0.084],[-0.269,-0.084],[-0.265,-0.084],[-0.261,-0.084],[-0.258,-0.083],[-0.254,-0.083],[-0.251,-0.083],[-0.247,-0.082],[-0.243,-0.081],[-0.24,-0.081],[-0.236,-0.08],[-0.232,-0.079],[-0.229,-0.077],[-0.225,-0.076],[-0.221,-0.075],[-0.217,-0.073],[-0.213,-0.072],[-0.209,-0.07],[-0.205,-0.069],[-0.2,-0.067],[-0.196,-0.065],[-0.192,-0.064],[-0.187,-0.062],[-0.183,-0.06],[-0.178,-0.058],[-0.174,-0.056],[-0.169,-0.054],[-0.164,-0.052],[-0.159,-0.05],[-0.155,-0.048],[-0.15,-0.046],[-0.145,-0.044],[-0.14,-0.041],[-0.135,-0.039],[-0.13,-0.036],[-0.125,-0.034],[-0.12,-0.031],[-0.115,-0.028],[-0.111,-0.026],[-0.106,-0.023],[-0.101,-0.02],[-0.096,-0.017],[-0.092,-0.013],[-0.087,-0.01],[-0.083,-0.007],[-0.078,-0.003],[-0.074,0.0],[-0.069,0.003],[-0.065,0.007],[-0.061,0.011],[-0.056,0.015],[-0.052,0.019],[-0.048,0.023],[-0.044,0.028],[-0.04,0.032],[-0.035,0.037],[-0.031,0.042],[-0.027,0.047],[-0.023,0.052],[-0.019,0.057],[-0.015,0.063],[-0.011,0.068],[-0.007,0.074],[-0.003,0.081],[0.0,0.087],[0.004,0.094],[0.008,0.101],[0.012,0.108],[0.016,0.116],[0.02,0.124],[0.024,0.132],[0.028,0.141],[0.032,0.15],[0.036,0.159],[0.04,0.169],[0.043,0.179],[0.047,0.189],[0.051,0.199],[0.055,0.21],[0.059,0.221],[0.062,0.232],[0.066,0.243],[0.07,0.255],[0.074,0.266],[0.077,0.277],[0.081,0.288],[0.084,0.299],[0.087,0.31],[0.09,0.32],[0.093,0.33],[0.095,0.339],[0.098,0.348],[0.1,0.356],[0.102,0.364],[0.103,0.372],[0.105,0.379],[0.106,0.385],[0.107,0.39],[0.107,0.393]],"minX":-0.282,"maxX":0.107,"minY":0.393,"maxY":-0.084,"endPt":[[313.0,340.0],[874.3195216274157,63.59849784806767]],"interX":[[-0.074,0.0]],"interY":[[0.0,0.086]],"maxima":[],"minima":[],"colorIdx":0}],"freeSymbols":null}