{"canvasWidth":1440,"canvasHeight":820,"curves":[{"pts":[[-0.459,-0.015],[-0.452,0.001],[-0.446,0.005],[-0.439,0.003],[-0.431,0.0],[-0.423,-0.001],[-0.413,-0.001],[-0.404,0.0],[-0.395,-0.001],[-0.386,-0.003],[-0.378,-0.006],[-0.369,-0.009],[-0.361,-0.011],[-0.353,-0.011],[-0.345,-0.011],[-0.336,-0.009],[-0.327,-0.008],[-0.317,-0.006],[-0.307,-0.004],[-0.296,-0.003],[-0.284,-0.002],[-0.273,-0.001],[-0.262,-0.001],[-0.25,-0.001],[-0.24,-0.001],[-0.229,-0.001],[-0.219,-0.001],[-0.209,-0.001],[-0.2,-0.001],[-0.19,-0.001],[-0.18,0.0],[-0.171,0.0],[-0.161,0.0],[-0.15,0.001],[-0.14,0.002],[-0.13,0.003],[-0.12,0.003],[-0.109,0.004],[-0.099,0.005],[-0.09,0.005],[-0.08,0.005],[-0.071,0.005],[-0.061,0.005],[-0.052,0.005],[-0.043,0.004],[-0.034,0.003],[-0.024,0.002],[-0.015,0.001],[-0.006,0.0],[0.003,0.0],[0.012,-0.001],[0.022,-0.002],[0.031,-0.002],[0.041,-0.003],[0.051,-0.003],[0.061,-0.003],[0.071,-0.003],[0.081,-0.003],[0.091,-0.003],[0.102,-0.002],[0.114,-0.002],[0.125,-0.002],[0.138,-0.001],[0.15,-0.001],[0.163,0.0],[0.176,0.0],[0.189,0.0],[0.202,0.0],[0.214,0.0],[0.226,0.0],[0.238,0.001],[0.248,0.002],[0.258,0.003],[0.267,0.004],[0.275,0.005],[0.283,0.006],[0.29,0.007],[0.297,0.009],[0.303,0.01],[0.31,0.011],[0.318,0.011],[0.325,0.011],[0.334,0.011],[0.343,0.009],[0.353,0.007],[0.364,0.005],[0.375,0.003],[0.386,0.001],[0.396,0.0],[0.406,0.0],[0.415,0.0],[0.423,0.001],[0.43,0.002],[0.437,0.003],[0.443,0.004],[0.449,0.005],[0.454,0.005],[0.459,0.004],[0.462,0.0],[0.463,-0.003],[0.464,-0.007]],"minX":-0.459,"maxX":0.464,"minY":0.011,"maxY":-0.015,"endPt":[[58.0,423.0],[1388.1350124400649,413.27373747189165]],"interX":[[-0.453,0.0],[-0.429,0.0],[-0.168,0.0],[-0.001,0.0],[0.194,0.0],[0.462,0.0]],"interY":[[0.0,0.0]],"maxima":[[-0.25,-0.001],[-0.071,0.005],[0.318,0.011]],"minima":[[-0.353,-0.011],[-0.209,-0.001],[0.061,-0.003],[0.406,0.0]],"colorIdx":0}],"freeSymbols":null}