{"name":"(x - 1)(x - 3)(x - 4)","specification":"symmetry:antisymmetric\r\nthrough:bottomLeft,-Yaxis,bottomRight,+Xaxis,topRight,+Xaxis,bottomRight,+Xaxis,topRight\r\npoints:maxima in topRight, minima in bottomRight","canonical":{"canvasWidth":1440,"canvasHeight":582,"curves":[{"pts":[[-0.058,-0.441],[-0.053,-0.426],[-0.049,-0.41],[-0.045,-0.395],[-0.041,-0.38],[-0.037,-0.366],[-0.034,-0.352],[-0.031,-0.339],[-0.027,-0.325],[-0.024,-0.312],[-0.021,-0.299],[-0.017,-0.285],[-0.014,-0.271],[-0.011,-0.257],[-0.008,-0.242],[-0.005,-0.228],[-0.002,-0.213],[0.0,-0.199],[0.003,-0.185],[0.006,-0.17],[0.009,-0.156],[0.011,-0.143],[0.014,-0.129],[0.016,-0.116],[0.019,-0.103],[0.022,-0.09],[0.024,-0.078],[0.027,-0.066],[0.029,-0.054],[0.032,-0.042],[0.035,-0.031],[0.038,-0.02],[0.041,-0.01],[0.044,0.0],[0.048,0.008],[0.052,0.017],[0.055,0.024],[0.06,0.031],[0.064,0.038],[0.068,0.043],[0.073,0.048],[0.078,0.051],[0.083,0.054],[0.088,0.056],[0.093,0.056],[0.098,0.056],[0.104,0.055],[0.109,0.054],[0.115,0.051],[0.12,0.048],[0.126,0.044],[0.131,0.039],[0.137,0.034],[0.142,0.028],[0.148,0.022],[0.153,0.015],[0.158,0.008],[0.163,0.001],[0.168,-0.005],[0.174,-0.011],[0.179,-0.018],[0.183,-0.024],[0.188,-0.03],[0.193,-0.034],[0.198,-0.038],[0.203,-0.042],[0.208,-0.044],[0.212,-0.044],[0.217,-0.044],[0.221,-0.042],[0.226,-0.039],[0.23,-0.034],[0.234,-0.028],[0.239,-0.021],[0.243,-0.012],[0.247,-0.001],[0.251,0.01],[0.255,0.023],[0.259,0.038],[0.263,0.054],[0.266,0.07],[0.27,0.088],[0.274,0.107],[0.278,0.126],[0.281,0.145],[0.285,0.165],[0.289,0.185],[0.292,0.205],[0.295,0.225],[0.298,0.245],[0.301,0.265],[0.304,0.284],[0.307,0.303],[0.309,0.322],[0.312,0.339],[0.314,0.356],[0.317,0.371],[0.319,0.385],[0.321,0.397],[0.322,0.407],[0.323,0.414]],"minX":-0.058,"maxX":0.323,"minY":0.414,"maxY":-0.441,"endPt":[[636.0,548.0],[1184.49680421609,53.81071414211097]],"interX":[[0.045,0.0],[0.165,0.0],[0.247,0.0]],"interY":[[0.0,-0.203]],"maxima":[[0.093,0.056]],"minima":[[0.212,-0.044]],"colorIdx":0}],"freeSymbols":null}}