{"canvasWidth":1440,"canvasHeight":361,"curves":[{"pts":[[-0.065,0.443],[-0.063,0.435],[-0.061,0.424],[-0.057,0.412],[-0.055,0.399],[-0.052,0.385],[-0.05,0.371],[-0.047,0.356],[-0.044,0.344],[-0.04,0.332],[-0.038,0.319],[-0.036,0.308],[-0.032,0.296],[-0.03,0.285],[-0.028,0.274],[-0.025,0.264],[-0.021,0.253],[-0.019,0.243],[-0.015,0.232],[-0.013,0.221],[-0.009,0.21],[-0.007,0.201],[-0.003,0.19],[0.0,0.18],[0.001,0.17],[0.005,0.159],[0.009,0.148],[0.013,0.138],[0.017,0.128],[0.021,0.118],[0.026,0.108],[0.03,0.099],[0.034,0.09],[0.038,0.08],[0.042,0.071],[0.047,0.063],[0.051,0.056],[0.055,0.048],[0.061,0.042],[0.065,0.036],[0.069,0.03],[0.075,0.025],[0.078,0.019],[0.084,0.016],[0.088,0.011],[0.094,0.008],[0.098,0.006],[0.104,0.005],[0.109,0.002],[0.113,0.002],[0.119,0.002],[0.123,0.002],[0.129,0.002],[0.134,0.005],[0.139,0.005],[0.142,0.008],[0.148,0.011],[0.152,0.016],[0.157,0.019],[0.161,0.025],[0.167,0.03],[0.171,0.037],[0.175,0.042],[0.179,0.05],[0.183,0.057],[0.186,0.067],[0.19,0.074],[0.194,0.085],[0.198,0.095],[0.201,0.105],[0.205,0.114],[0.208,0.125],[0.21,0.138],[0.213,0.148],[0.217,0.161],[0.219,0.173],[0.222,0.186],[0.225,0.198],[0.227,0.21],[0.23,0.224],[0.232,0.238],[0.235,0.251],[0.237,0.265],[0.238,0.279],[0.242,0.293],[0.244,0.306],[0.246,0.32],[0.247,0.334],[0.25,0.347],[0.252,0.36],[0.254,0.373],[0.255,0.386],[0.256,0.397],[0.259,0.409],[0.26,0.42],[0.261,0.43],[0.263,0.439],[0.264,0.446],[0.264,0.453],[0.264,0.457],[0.264,0.459]],"minX":-0.065,"maxX":0.264,"minY":0.459,"maxY":0.002,"endPt":[[626.4,20.216000000000008],[1101.6,15.162000000000006]],"interX":[],"interY":[[0.0,0.178]],"maxima":[],"minima":[[0.119,0.002]],"colorIdx":0}],"freeSymbols":null}