{"canvasWidth":1440,"canvasHeight":820,"curves":[{"pts":[[-0.061,0.401],[-0.06,0.393],[-0.059,0.382],[-0.057,0.37],[-0.055,0.356],[-0.052,0.342],[-0.049,0.327],[-0.046,0.313],[-0.043,0.298],[-0.04,0.284],[-0.037,0.27],[-0.034,0.257],[-0.031,0.244],[-0.027,0.232],[-0.024,0.219],[-0.021,0.208],[-0.018,0.197],[-0.014,0.186],[-0.011,0.176],[-0.007,0.166],[-0.004,0.156],[-0.001,0.147],[0.002,0.138],[0.005,0.13],[0.009,0.121],[0.013,0.114],[0.016,0.106],[0.02,0.099],[0.023,0.092],[0.027,0.086],[0.031,0.08],[0.034,0.074],[0.038,0.068],[0.042,0.063],[0.046,0.058],[0.049,0.053],[0.053,0.049],[0.057,0.044],[0.061,0.04],[0.065,0.037],[0.069,0.033],[0.073,0.03],[0.077,0.027],[0.081,0.024],[0.085,0.022],[0.089,0.02],[0.094,0.018],[0.098,0.017],[0.103,0.015],[0.107,0.014],[0.112,0.014],[0.117,0.013],[0.122,0.013],[0.127,0.014],[0.132,0.015],[0.137,0.016],[0.142,0.018],[0.147,0.02],[0.152,0.023],[0.157,0.026],[0.162,0.03],[0.167,0.034],[0.172,0.039],[0.177,0.044],[0.182,0.05],[0.186,0.056],[0.191,0.063],[0.196,0.07],[0.2,0.078],[0.204,0.086],[0.208,0.095],[0.212,0.104],[0.216,0.114],[0.22,0.124],[0.223,0.135],[0.227,0.146],[0.23,0.158],[0.233,0.17],[0.236,0.183],[0.239,0.195],[0.242,0.209],[0.245,0.222],[0.247,0.236],[0.25,0.25],[0.252,0.264],[0.254,0.278],[0.256,0.291],[0.258,0.305],[0.26,0.317],[0.262,0.33],[0.263,0.341],[0.265,0.351],[0.266,0.361],[0.267,0.369],[0.267,0.376],[0.268,0.382],[0.268,0.387],[0.269,0.391],[0.269,0.393],[0.269,0.395],[0.27,0.396]],"minX":-0.061,"maxX":0.27,"minY":0.401,"maxY":0.013,"endPt":[[632.0,81.0],[1108.682533525117,85.53139527687543]],"interX":[],"interY":[[0.0,0.144]],"maxima":[],"minima":[[0.117,0.013]],"colorIdx":0}],"freeSymbols":null}