{"canvasWidth":1440,"canvasHeight":582,"curves":[{"pts":[[-0.038,0.424],[-0.038,0.415],[-0.038,0.407],[-0.038,0.399],[-0.038,0.391],[-0.038,0.384],[-0.038,0.376],[-0.037,0.369],[-0.037,0.361],[-0.037,0.354],[-0.036,0.346],[-0.036,0.339],[-0.035,0.332],[-0.035,0.324],[-0.034,0.317],[-0.033,0.309],[-0.032,0.302],[-0.031,0.294],[-0.03,0.287],[-0.029,0.279],[-0.028,0.271],[-0.026,0.264],[-0.025,0.256],[-0.024,0.249],[-0.022,0.241],[-0.02,0.234],[-0.018,0.227],[-0.016,0.219],[-0.014,0.213],[-0.012,0.206],[-0.01,0.199],[-0.008,0.193],[-0.006,0.187],[-0.003,0.181],[-0.001,0.176],[0.001,0.171],[0.004,0.166],[0.006,0.162],[0.009,0.158],[0.012,0.154],[0.015,0.151],[0.017,0.149],[0.02,0.147],[0.023,0.145],[0.026,0.144],[0.029,0.143],[0.032,0.142],[0.035,0.142],[0.038,0.143],[0.041,0.144],[0.044,0.146],[0.046,0.147],[0.049,0.15],[0.052,0.153],[0.055,0.156],[0.057,0.159],[0.06,0.163],[0.063,0.167],[0.065,0.172],[0.067,0.177],[0.07,0.182],[0.072,0.188],[0.074,0.193],[0.076,0.199],[0.078,0.206],[0.08,0.212],[0.082,0.219],[0.084,0.226],[0.085,0.233],[0.087,0.24],[0.089,0.247],[0.09,0.254],[0.092,0.262],[0.093,0.269],[0.094,0.277],[0.096,0.285],[0.097,0.292],[0.098,0.3],[0.1,0.308],[0.101,0.316],[0.102,0.323],[0.103,0.331],[0.104,0.339],[0.105,0.346],[0.106,0.354],[0.107,0.361],[0.108,0.368],[0.108,0.375],[0.109,0.382],[0.11,0.388],[0.11,0.395],[0.111,0.401],[0.111,0.407],[0.111,0.413],[0.112,0.418],[0.112,0.424],[0.112,0.429],[0.112,0.433],[0.113,0.437],[0.113,0.44],[0.113,0.441]],"minX":-0.038,"maxX":0.113,"minY":0.441,"maxY":0.142,"endPt":[[664.0,44.0],[882.9494007817021,34.840420607471664]],"interX":[],"interY":[[0.0,0.174]],"maxima":[],"minima":[[0.032,0.142]],"colorIdx":0}],"freeSymbols":null}