{"canvasWidth":1440,"canvasHeight":582,"curves":[{"pts":[[-0.194,0.415],[-0.19,0.41],[-0.187,0.405],[-0.182,0.399],[-0.178,0.392],[-0.173,0.385],[-0.168,0.377],[-0.164,0.37],[-0.159,0.363],[-0.154,0.356],[-0.149,0.349],[-0.144,0.342],[-0.139,0.335],[-0.135,0.328],[-0.13,0.322],[-0.125,0.315],[-0.12,0.308],[-0.115,0.301],[-0.111,0.295],[-0.106,0.288],[-0.101,0.281],[-0.096,0.274],[-0.091,0.267],[-0.087,0.261],[-0.082,0.254],[-0.077,0.247],[-0.072,0.241],[-0.068,0.234],[-0.063,0.228],[-0.058,0.222],[-0.053,0.216],[-0.049,0.21],[-0.044,0.205],[-0.039,0.2],[-0.034,0.194],[-0.029,0.189],[-0.024,0.185],[-0.019,0.18],[-0.014,0.176],[-0.009,0.172],[-0.004,0.168],[0.001,0.164],[0.006,0.161],[0.012,0.158],[0.017,0.155],[0.023,0.152],[0.029,0.149],[0.035,0.147],[0.04,0.145],[0.046,0.144],[0.052,0.142],[0.058,0.141],[0.063,0.14],[0.069,0.14],[0.075,0.139],[0.081,0.139],[0.086,0.139],[0.092,0.14],[0.098,0.141],[0.104,0.142],[0.11,0.144],[0.116,0.146],[0.122,0.149],[0.128,0.152],[0.134,0.155],[0.141,0.159],[0.148,0.163],[0.155,0.168],[0.162,0.173],[0.169,0.179],[0.177,0.185],[0.184,0.192],[0.192,0.2],[0.2,0.207],[0.207,0.215],[0.215,0.224],[0.223,0.233],[0.23,0.242],[0.237,0.251],[0.245,0.261],[0.252,0.27],[0.258,0.28],[0.265,0.289],[0.271,0.299],[0.277,0.308],[0.282,0.318],[0.287,0.326],[0.292,0.335],[0.297,0.343],[0.301,0.351],[0.305,0.359],[0.309,0.366],[0.312,0.373],[0.316,0.379],[0.319,0.385],[0.322,0.391],[0.325,0.396],[0.327,0.401],[0.329,0.405],[0.33,0.407],[0.331,0.408]],"minX":-0.194,"maxX":0.331,"minY":0.415,"maxY":0.139,"endPt":[[440.0,49.0],[1196.2681129842056,53.55405177743623]],"interX":[],"interY":[[0.0,0.165]],"maxima":[],"minima":[[0.081,0.139]],"colorIdx":0}],"freeSymbols":null}