{"canvasWidth":1440,"canvasHeight":582,"curves":[{"pts":[[-0.266,0.015],[-0.262,0.015],[-0.258,0.015],[-0.254,0.015],[-0.25,0.015],[-0.246,0.015],[-0.242,0.015],[-0.238,0.015],[-0.234,0.015],[-0.231,0.015],[-0.227,0.016],[-0.223,0.016],[-0.219,0.016],[-0.215,0.016],[-0.211,0.017],[-0.207,0.017],[-0.203,0.018],[-0.199,0.019],[-0.195,0.019],[-0.191,0.02],[-0.186,0.021],[-0.182,0.022],[-0.177,0.024],[-0.173,0.025],[-0.168,0.026],[-0.164,0.028],[-0.159,0.03],[-0.154,0.031],[-0.149,0.033],[-0.145,0.035],[-0.14,0.036],[-0.135,0.038],[-0.131,0.04],[-0.126,0.042],[-0.122,0.043],[-0.117,0.045],[-0.113,0.047],[-0.109,0.049],[-0.104,0.05],[-0.1,0.052],[-0.096,0.054],[-0.092,0.056],[-0.087,0.057],[-0.083,0.059],[-0.079,0.061],[-0.074,0.063],[-0.07,0.065],[-0.066,0.068],[-0.061,0.07],[-0.056,0.072],[-0.052,0.075],[-0.047,0.078],[-0.042,0.081],[-0.037,0.084],[-0.032,0.087],[-0.027,0.091],[-0.021,0.094],[-0.016,0.098],[-0.01,0.102],[-0.005,0.106],[0.0,0.111],[0.005,0.115],[0.011,0.12],[0.017,0.124],[0.023,0.129],[0.029,0.134],[0.034,0.14],[0.04,0.145],[0.046,0.15],[0.052,0.156],[0.058,0.162],[0.063,0.168],[0.069,0.174],[0.075,0.181],[0.08,0.187],[0.085,0.194],[0.091,0.202],[0.096,0.209],[0.101,0.217],[0.106,0.224],[0.111,0.233],[0.116,0.241],[0.12,0.25],[0.125,0.259],[0.129,0.269],[0.133,0.279],[0.137,0.289],[0.141,0.3],[0.145,0.311],[0.149,0.322],[0.152,0.333],[0.155,0.345],[0.158,0.356],[0.16,0.368],[0.162,0.378],[0.164,0.389],[0.166,0.398],[0.167,0.407],[0.168,0.415],[0.169,0.421],[0.17,0.426]],"minX":-0.266,"maxX":0.17,"minY":0.426,"maxY":0.015,"endPt":[[336.0,282.0],[964.0551177358366,45.57480245497239]],"interX":[],"interY":[[0.0,0.11]],"maxima":[],"minima":[],"colorIdx":0}],"freeSymbols":null}