{"canvasWidth":1440,"canvasHeight":582,"curves":[{"pts":[[-0.064,-0.357],[-0.062,-0.352],[-0.06,-0.347],[-0.058,-0.342],[-0.057,-0.337],[-0.055,-0.333],[-0.053,-0.328],[-0.051,-0.323],[-0.049,-0.318],[-0.047,-0.312],[-0.045,-0.307],[-0.043,-0.301],[-0.041,-0.296],[-0.039,-0.29],[-0.036,-0.284],[-0.034,-0.277],[-0.032,-0.271],[-0.029,-0.265],[-0.026,-0.258],[-0.024,-0.251],[-0.021,-0.245],[-0.018,-0.238],[-0.016,-0.231],[-0.013,-0.224],[-0.01,-0.218],[-0.008,-0.211],[-0.005,-0.204],[-0.002,-0.197],[0.0,-0.19],[0.002,-0.183],[0.005,-0.177],[0.007,-0.17],[0.01,-0.163],[0.013,-0.156],[0.015,-0.148],[0.018,-0.141],[0.021,-0.134],[0.023,-0.126],[0.026,-0.119],[0.029,-0.111],[0.032,-0.103],[0.034,-0.095],[0.037,-0.087],[0.04,-0.079],[0.043,-0.07],[0.046,-0.061],[0.049,-0.052],[0.053,-0.043],[0.056,-0.033],[0.059,-0.023],[0.063,-0.013],[0.066,-0.002],[0.07,0.007],[0.074,0.018],[0.077,0.029],[0.081,0.041],[0.085,0.053],[0.089,0.065],[0.094,0.077],[0.098,0.089],[0.102,0.101],[0.106,0.114],[0.11,0.126],[0.115,0.139],[0.119,0.151],[0.123,0.163],[0.127,0.175],[0.131,0.187],[0.135,0.199],[0.139,0.21],[0.142,0.221],[0.146,0.231],[0.149,0.241],[0.152,0.251],[0.155,0.261],[0.158,0.269],[0.161,0.278],[0.163,0.286],[0.165,0.294],[0.167,0.301],[0.169,0.308],[0.171,0.315],[0.173,0.322],[0.174,0.328],[0.176,0.334],[0.177,0.34],[0.178,0.347],[0.179,0.353],[0.181,0.359],[0.182,0.365],[0.183,0.371],[0.184,0.377],[0.185,0.383],[0.186,0.389],[0.187,0.394],[0.188,0.4],[0.189,0.404],[0.19,0.409],[0.19,0.412],[0.191,0.414],[0.191,0.415]],"minX":-0.064,"maxX":0.191,"minY":0.415,"maxY":-0.357,"endPt":[[627.0,499.0],[995.5895331707789,49.63324677661266]],"interX":[[0.067,0.0]],"interY":[[0.0,-0.19]],"maxima":[],"minima":[],"colorIdx":0}],"freeSymbols":null}