{"canvasWidth":1440,"canvasHeight":582,"curves":[{"pts":[[-0.123,-0.364],[-0.118,-0.357],[-0.113,-0.349],[-0.107,-0.341],[-0.102,-0.332],[-0.096,-0.322],[-0.091,-0.313],[-0.087,-0.304],[-0.082,-0.295],[-0.078,-0.286],[-0.073,-0.277],[-0.069,-0.268],[-0.065,-0.259],[-0.06,-0.251],[-0.056,-0.242],[-0.052,-0.233],[-0.047,-0.224],[-0.043,-0.216],[-0.039,-0.207],[-0.035,-0.199],[-0.031,-0.191],[-0.027,-0.183],[-0.023,-0.175],[-0.02,-0.167],[-0.016,-0.159],[-0.012,-0.151],[-0.008,-0.143],[-0.005,-0.135],[-0.001,-0.127],[0.002,-0.118],[0.006,-0.11],[0.01,-0.102],[0.014,-0.093],[0.018,-0.084],[0.022,-0.075],[0.027,-0.066],[0.031,-0.057],[0.036,-0.049],[0.041,-0.04],[0.046,-0.032],[0.051,-0.024],[0.056,-0.016],[0.061,-0.009],[0.066,-0.003],[0.071,0.002],[0.076,0.006],[0.081,0.011],[0.086,0.014],[0.091,0.016],[0.096,0.017],[0.101,0.017],[0.106,0.017],[0.11,0.015],[0.115,0.013],[0.119,0.01],[0.123,0.006],[0.128,0.002],[0.132,-0.002],[0.136,-0.007],[0.14,-0.011],[0.144,-0.015],[0.148,-0.019],[0.152,-0.022],[0.156,-0.024],[0.16,-0.024],[0.164,-0.023],[0.167,-0.021],[0.171,-0.017],[0.175,-0.011],[0.178,-0.003],[0.181,0.005],[0.185,0.016],[0.188,0.029],[0.191,0.043],[0.194,0.058],[0.197,0.075],[0.201,0.092],[0.204,0.111],[0.208,0.131],[0.211,0.151],[0.215,0.171],[0.219,0.192],[0.223,0.213],[0.227,0.234],[0.231,0.255],[0.234,0.275],[0.238,0.294],[0.242,0.312],[0.245,0.33],[0.248,0.347],[0.251,0.362],[0.254,0.377],[0.256,0.391],[0.258,0.404],[0.26,0.417],[0.262,0.429],[0.263,0.441],[0.265,0.451],[0.266,0.46],[0.268,0.467],[0.268,0.47]],"minX":-0.123,"maxX":0.268,"minY":0.47,"maxY":-0.364,"endPt":[[542.0,503.0],[1105.9925029140456,18.830068037291127]],"interX":[[0.069,0.0],[0.13,0.0],[0.179,0.0]],"interY":[[0.0,-0.123]],"maxima":[[0.101,0.017]],"minima":[[0.16,-0.024]],"colorIdx":0}],"freeSymbols":null}