{"canvasWidth":1440,"canvasHeight":582,"curves":[{"pts":[[-0.109,-0.302],[-0.108,-0.29],[-0.105,-0.276],[-0.103,-0.26],[-0.099,-0.242],[-0.095,-0.224],[-0.091,-0.206],[-0.087,-0.187],[-0.082,-0.169],[-0.077,-0.152],[-0.073,-0.135],[-0.068,-0.12],[-0.064,-0.105],[-0.06,-0.091],[-0.056,-0.078],[-0.052,-0.065],[-0.048,-0.053],[-0.045,-0.042],[-0.041,-0.031],[-0.037,-0.021],[-0.034,-0.012],[-0.03,-0.003],[-0.026,0.004],[-0.022,0.012],[-0.018,0.019],[-0.014,0.025],[-0.01,0.03],[-0.005,0.035],[-0.001,0.039],[0.002,0.042],[0.007,0.044],[0.012,0.045],[0.016,0.046],[0.021,0.045],[0.026,0.044],[0.03,0.042],[0.035,0.039],[0.039,0.036],[0.044,0.031],[0.049,0.026],[0.053,0.021],[0.058,0.015],[0.063,0.008],[0.067,0.001],[0.072,-0.005],[0.077,-0.012],[0.082,-0.02],[0.086,-0.027],[0.091,-0.034],[0.096,-0.04],[0.101,-0.046],[0.106,-0.052],[0.112,-0.056],[0.117,-0.06],[0.122,-0.064],[0.128,-0.066],[0.133,-0.067],[0.139,-0.067],[0.145,-0.066],[0.15,-0.063],[0.156,-0.06],[0.162,-0.055],[0.168,-0.05],[0.173,-0.043],[0.179,-0.035],[0.184,-0.027],[0.19,-0.017],[0.195,-0.007],[0.2,0.003],[0.205,0.015],[0.209,0.026],[0.214,0.038],[0.218,0.051],[0.222,0.063],[0.225,0.075],[0.229,0.088],[0.232,0.1],[0.235,0.112],[0.238,0.125],[0.241,0.137],[0.244,0.149],[0.247,0.161],[0.249,0.173],[0.252,0.186],[0.254,0.198],[0.257,0.211],[0.259,0.223],[0.262,0.236],[0.264,0.25],[0.267,0.263],[0.269,0.276],[0.271,0.289],[0.274,0.303],[0.276,0.316],[0.278,0.33],[0.281,0.343],[0.283,0.358],[0.286,0.372],[0.288,0.387],[0.291,0.4],[0.293,0.41]],"minX":-0.109,"maxX":0.293,"minY":0.41,"maxY":-0.302,"endPt":[[562.0,467.0],[1139.3055694953164,57.68569914640511]],"interX":[[-0.028,0.0],[0.068,0.0],[0.198,0.0]],"interY":[[0.0,0.04]],"maxima":[[0.016,0.046]],"minima":[[0.139,-0.067]],"colorIdx":0}],"freeSymbols":null}